cpf,matricula,codigo_orgao_autuador,ativo
63230261208,AGT502219119,204020,true
51653646152,AGT401547976,380090,true
05229433493,AGT266063843,150070,true
20797575804,AGT497717742,447010,true
18707746393,AGT289220444,999999,true
76868825358,AGT873393775,204020,true
48520630529,AGT230700842,380090,true
58987610209,AGT490886130,150070,true
78960386685,AGT572083047,447010,true
72698820101,AGT133488050,999999,false
82976193118,AGT882964628,204020,true
04914932407,AGT184328596,380090,true
59122303413,AGT416554476,150070,true
97104639268,AGT422655256,447010,true
74227683556,AGT583806946,999999,true
43263777556,AGT847027555,204020,true
22109215038,AGT882496971,380090,true
28315961225,AGT422760366,150070,true
68424918436,AGT812679047,447010,true
65518565860,AGT583102414,999999,false
17802623375,AGT250272581,204020,true
00672873010,AGT210866577,380090,true
33417540755,AGT571981045,150070,true
99127027783,AGT538257443,447010,true
14479197931,AGT936065666,999999,true
85602437983,AGT383779421,204020,true
69878126161,AGT859848653,380090,true
98127585181,AGT163451118,150070,true
50748569499,AGT616929345,447010,true
79627969796,AGT121030938,999999,false
18088900271,AGT463255466,204020,true
74250539342,AGT238746679,380090,true
89762998685,AGT397896061,150070,true
59270142833,AGT064762165,447010,true
15980923080,AGT002934859,999999,true
57375694702,AGT383520565,204020,true
08000013207,AGT581616841,380090,true
02568107618,AGT554503418,150070,true
30680865829,AGT558240701,447010,true
09152555372,AGT897831957,999999,false
59134398724,AGT457584929,204020,true
98295800400,AGT211015295,380090,true
41616956836,AGT446756455,150070,true
52309148318,AGT539708482,447010,true
89617432366,AGT082256556,999999,true
00608192600,AGT895283859,204020,true
76894212023,AGT510577444,380090,true
33101248000,AGT201395655,150070,true
79571318752,AGT755571167,447010,true
94031988770,AGT246382789,999999,false
48306623878,AGT698590049,204020,true
84949582836,AGT359299250,380090,true
38276009875,AGT527313651,150070,true
44819847910,AGT261754787,447010,true
18093777652,AGT234904897,999999,true
42580960597,AGT650108295,204020,true
33560653517,AGT220627577,380090,true
55444961296,AGT445801718,150070,true
47373428908,AGT955004904,447010,true
38774805193,AGT480149316,999999,false
16857341974,AGT073480118,204020,true
75420924480,AGT208923470,380090,true
14502876208,AGT313469581,150070,true
10150029519,AGT808977421,447010,true
35299468180,AGT889321170,999999,true
36253833650,AGT882194660,204020,true
71368065007,AGT021392623,380090,true
17543814641,AGT403871104,150070,true
44832993283,AGT916152908,447010,true
61207233587,AGT776295224,999999,false
62748127501,AGT236408229,204020,true
09390132070,AGT791064009,380090,true
39209111567,AGT196390980,150070,true
08898900058,AGT756849148,447010,true
57344879883,AGT459884762,999999,true
20170660605,AGT627735035,204020,true
43755672448,AGT419418621,380090,true
08042761538,AGT615682212,150070,true
35094150197,AGT843477712,447010,true
54196316107,AGT352277613,999999,false
56976843639,AGT208070663,204020,true
13292341116,AGT939064389,380090,true
30398178330,AGT917300104,150070,true
96225432604,AGT564917324,447010,true
23799830626,AGT015586484,999999,true
27062561410,AGT060637462,204020,true
48867129910,AGT537638457,380090,true
03284502602,AGT716236294,150070,true
36606844495,AGT699027581,447010,true
58068992766,AGT126945066,999999,false
54860335244,AGT890966279,204020,true
72891052730,AGT599316923,380090,true
33508061205,AGT512647306,150070,true
83744226450,AGT730573151,447010,true
20366011979,AGT090456431,999999,true
17899153506,AGT944784248,204020,true
69806833490,AGT603099899,380090,true
09758885790,AGT222771722,150070,true
20452867894,AGT031659068,447010,true
77930024822,AGT027291993,999999,false
