id_dispositivo,codigo_orgao_autuador,homologado,ativo,sne_aderido,payload
DEV-CSV-000001,204020,true,true,true,"{""idDispositivo"":""DEV-CSV-000001"",""codigoOrgaoAutuador"":""204020"",""homologado"":true,""ativo"":true,""sneAderido"":true}"
DEV-CSV-000002,380090,true,true,true,"{""idDispositivo"":""DEV-CSV-000002"",""codigoOrgaoAutuador"":""380090"",""homologado"":true,""ativo"":true,""sneAderido"":true}"
DEV-CSV-000003,150070,true,true,true,"{""idDispositivo"":""DEV-CSV-000003"",""codigoOrgaoAutuador"":""150070"",""homologado"":true,""ativo"":true,""sneAderido"":true}"
DEV-CSV-000004,447010,true,true,true,"{""idDispositivo"":""DEV-CSV-000004"",""codigoOrgaoAutuador"":""447010"",""homologado"":true,""ativo"":true,""sneAderido"":true}"
DEV-CSV-000005,999999,true,true,true,"{""idDispositivo"":""DEV-CSV-000005"",""codigoOrgaoAutuador"":""999999"",""homologado"":true,""ativo"":true,""sneAderido"":true}"
DEV-CSV-000006,204020,true,true,true,"{""idDispositivo"":""DEV-CSV-000006"",""codigoOrgaoAutuador"":""204020"",""homologado"":true,""ativo"":true,""sneAderido"":true}"
DEV-CSV-000007,380090,true,true,true,"{""idDispositivo"":""DEV-CSV-000007"",""codigoOrgaoAutuador"":""380090"",""homologado"":true,""ativo"":true,""sneAderido"":true}"
DEV-CSV-000008,150070,true,true,true,"{""idDispositivo"":""DEV-CSV-000008"",""codigoOrgaoAutuador"":""150070"",""homologado"":true,""ativo"":true,""sneAderido"":true}"
DEV-CSV-000009,447010,true,true,true,"{""idDispositivo"":""DEV-CSV-000009"",""codigoOrgaoAutuador"":""447010"",""homologado"":true,""ativo"":true,""sneAderido"":true}"
DEV-CSV-000010,999999,true,true,true,"{""idDispositivo"":""DEV-CSV-000010"",""codigoOrgaoAutuador"":""999999"",""homologado"":true,""ativo"":true,""sneAderido"":true}"
DEV-CSV-000011,204020,true,true,true,"{""idDispositivo"":""DEV-CSV-000011"",""codigoOrgaoAutuador"":""204020"",""homologado"":true,""ativo"":true,""sneAderido"":true}"
DEV-CSV-000012,380090,true,false,true,"{""idDispositivo"":""DEV-CSV-000012"",""codigoOrgaoAutuador"":""380090"",""homologado"":true,""ativo"":false,""sneAderido"":true}"
DEV-CSV-000013,150070,true,true,true,"{""idDispositivo"":""DEV-CSV-000013"",""codigoOrgaoAutuador"":""150070"",""homologado"":true,""ativo"":true,""sneAderido"":true}"
DEV-CSV-000014,447010,true,true,true,"{""idDispositivo"":""DEV-CSV-000014"",""codigoOrgaoAutuador"":""447010"",""homologado"":true,""ativo"":true,""sneAderido"":true}"
DEV-CSV-000015,999999,true,true,false,"{""idDispositivo"":""DEV-CSV-000015"",""codigoOrgaoAutuador"":""999999"",""homologado"":true,""ativo"":true,""sneAderido"":false}"
DEV-CSV-000016,204020,true,true,true,"{""idDispositivo"":""DEV-CSV-000016"",""codigoOrgaoAutuador"":""204020"",""homologado"":true,""ativo"":true,""sneAderido"":true}"
DEV-CSV-000017,380090,true,true,true,"{""idDispositivo"":""DEV-CSV-000017"",""codigoOrgaoAutuador"":""380090"",""homologado"":true,""ativo"":true,""sneAderido"":true}"
DEV-CSV-000018,150070,true,true,true,"{""idDispositivo"":""DEV-CSV-000018"",""codigoOrgaoAutuador"":""150070"",""homologado"":true,""ativo"":true,""sneAderido"":true}"
DEV-CSV-000019,447010,false,true,true,"{""idDispositivo"":""DEV-CSV-000019"",""codigoOrgaoAutuador"":""447010"",""homologado"":false,""ativo"":true,""sneAderido"":true}"
DEV-CSV-000020,999999,true,true,true,"{""idDispositivo"":""DEV-CSV-000020"",""codigoOrgaoAutuador"":""999999"",""homologado"":true,""ativo"":true,""sneAderido"":true}"
DEV-CSV-000021,204020,true,true,true,"{""idDispositivo"":""DEV-CSV-000021"",""codigoOrgaoAutuador"":""204020"",""homologado"":true,""ativo"":true,""sneAderido"":true}"
DEV-CSV-000022,380090,true,true,true,"{""idDispositivo"":""DEV-CSV-000022"",""codigoOrgaoAutuador"":""380090"",""homologado"":true,""ativo"":true,""sneAderido"":true}"
DEV-CSV-000023,150070,true,true,true,"{""idDispositivo"":""DEV-CSV-000023"",""codigoOrgaoAutuador"":""150070"",""homologado"":true,""ativo"":true,""sneAderido"":true}"
DEV-CSV-000024,447010,true,false,true,"{""idDispositivo"":""DEV-CSV-000024"",""codigoOrgaoAutuador"":""447010"",""homologado"":true,""ativo"":false,""sneAderido"":true}"
DEV-CSV-000025,999999,true,true,true,"{""idDispositivo"":""DEV-CSV-000025"",""codigoOrgaoAutuador"":""999999"",""homologado"":true,""ativo"":true,""sneAderido"":true}"
DEV-CSV-000026,204020,true,true,true,"{""idDispositivo"":""DEV-CSV-000026"",""codigoOrgaoAutuador"":""204020"",""homologado"":true,""ativo"":true,""sneAderido"":true}"
DEV-CSV-000027,380090,true,true,true,"{""idDispositivo"":""DEV-CSV-000027"",""codigoOrgaoAutuador"":""380090"",""homologado"":true,""ativo"":true,""sneAderido"":true}"
DEV-CSV-000028,150070,false,true,true,"{""idDispositivo"":""DEV-CSV-000028"",""codigoOrgaoAutuador"":""150070"",""homologado"":false,""ativo"":true,""sneAderido"":true}"
DEV-CSV-000029,447010,true,true,true,"{""idDispositivo"":""DEV-CSV-000029"",""codigoOrgaoAutuador"":""447010"",""homologado"":true,""ativo"":true,""sneAderido"":true}"
DEV-CSV-000030,999999,true,true,false,"{""idDispositivo"":""DEV-CSV-000030"",""codigoOrgaoAutuador"":""999999"",""homologado"":true,""ativo"":true,""sneAderido"":false}"
DEV-CSV-000031,204020,false,true,true,"{""idDispositivo"":""DEV-CSV-000031"",""codigoOrgaoAutuador"":""204020"",""homologado"":false,""ativo"":true,""sneAderido"":true}"
DEV-CSV-000032,380090,true,true,true,"{""idDispositivo"":""DEV-CSV-000032"",""codigoOrgaoAutuador"":""380090"",""homologado"":true,""ativo"":true,""sneAderido"":true}"
DEV-CSV-000033,150070,false,true,true,"{""idDispositivo"":""DEV-CSV-000033"",""codigoOrgaoAutuador"":""150070"",""homologado"":false,""ativo"":true,""sneAderido"":true}"
DEV-CSV-000034,447010,true,true,true,"{""idDispositivo"":""DEV-CSV-000034"",""codigoOrgaoAutuador"":""447010"",""homologado"":true,""ativo"":true,""sneAderido"":true}"
DEV-CSV-000035,999999,true,true,true,"{""idDispositivo"":""DEV-CSV-000035"",""codigoOrgaoAutuador"":""999999"",""homologado"":true,""ativo"":true,""sneAderido"":true}"
DEV-CSV-000036,204020,true,false,true,"{""idDispositivo"":""DEV-CSV-000036"",""codigoOrgaoAutuador"":""204020"",""homologado"":true,""ativo"":false,""sneAderido"":true}"
DEV-CSV-000037,380090,true,true,true,"{""idDispositivo"":""DEV-CSV-000037"",""codigoOrgaoAutuador"":""380090"",""homologado"":true,""ativo"":true,""sneAderido"":true}"
DEV-CSV-000038,150070,true,true,true,"{""idDispositivo"":""DEV-CSV-000038"",""codigoOrgaoAutuador"":""150070"",""homologado"":true,""ativo"":true,""sneAderido"":true}"
DEV-CSV-000039,447010,true,true,true,"{""idDispositivo"":""DEV-CSV-000039"",""codigoOrgaoAutuador"":""447010"",""homologado"":true,""ativo"":true,""sneAderido"":true}"
DEV-CSV-000040,999999,true,true,true,"{""idDispositivo"":""DEV-CSV-000040"",""codigoOrgaoAutuador"":""999999"",""homologado"":true,""ativo"":true,""sneAderido"":true}"
DEV-CSV-000041,204020,true,true,true,"{""idDispositivo"":""DEV-CSV-000041"",""codigoOrgaoAutuador"":""204020"",""homologado"":true,""ativo"":true,""sneAderido"":true}"
DEV-CSV-000042,380090,true,true,true,"{""idDispositivo"":""DEV-CSV-000042"",""codigoOrgaoAutuador"":""380090"",""homologado"":true,""ativo"":true,""sneAderido"":true}"
DEV-CSV-000043,150070,false,true,true,"{""idDispositivo"":""DEV-CSV-000043"",""codigoOrgaoAutuador"":""150070"",""homologado"":false,""ativo"":true,""sneAderido"":true}"
DEV-CSV-000044,447010,true,true,true,"{""idDispositivo"":""DEV-CSV-000044"",""codigoOrgaoAutuador"":""447010"",""homologado"":true,""ativo"":true,""sneAderido"":true}"
DEV-CSV-000045,999999,true,true,false,"{""idDispositivo"":""DEV-CSV-000045"",""codigoOrgaoAutuador"":""999999"",""homologado"":true,""ativo"":true,""sneAderido"":false}"
DEV-CSV-000046,204020,false,true,true,"{""idDispositivo"":""DEV-CSV-000046"",""codigoOrgaoAutuador"":""204020"",""homologado"":false,""ativo"":true,""sneAderido"":true}"
DEV-CSV-000047,380090,true,true,true,"{""idDispositivo"":""DEV-CSV-000047"",""codigoOrgaoAutuador"":""380090"",""homologado"":true,""ativo"":true,""sneAderido"":true}"
DEV-CSV-000048,150070,true,false,true,"{""idDispositivo"":""DEV-CSV-000048"",""codigoOrgaoAutuador"":""150070"",""homologado"":true,""ativo"":false,""sneAderido"":true}"
DEV-CSV-000049,447010,true,true,true,"{""idDispositivo"":""DEV-CSV-000049"",""codigoOrgaoAutuador"":""447010"",""homologado"":true,""ativo"":true,""sneAderido"":true}"
DEV-CSV-000050,999999,true,true,true,"{""idDispositivo"":""DEV-CSV-000050"",""codigoOrgaoAutuador"":""999999"",""homologado"":true,""ativo"":true,""sneAderido"":true}"
DEV-CSV-000051,204020,false,true,true,"{""idDispositivo"":""DEV-CSV-000051"",""codigoOrgaoAutuador"":""204020"",""homologado"":false,""ativo"":true,""sneAderido"":true}"
DEV-CSV-000052,380090,true,true,true,"{""idDispositivo"":""DEV-CSV-000052"",""codigoOrgaoAutuador"":""380090"",""homologado"":true,""ativo"":true,""sneAderido"":true}"
DEV-CSV-000053,150070,true,true,true,"{""idDispositivo"":""DEV-CSV-000053"",""codigoOrgaoAutuador"":""150070"",""homologado"":true,""ativo"":true,""sneAderido"":true}"
DEV-CSV-000054,447010,true,true,true,"{""idDispositivo"":""DEV-CSV-000054"",""codigoOrgaoAutuador"":""447010"",""homologado"":true,""ativo"":true,""sneAderido"":true}"
DEV-CSV-000055,999999,true,true,true,"{""idDispositivo"":""DEV-CSV-000055"",""codigoOrgaoAutuador"":""999999"",""homologado"":true,""ativo"":true,""sneAderido"":true}"
DEV-CSV-000056,204020,true,true,true,"{""idDispositivo"":""DEV-CSV-000056"",""codigoOrgaoAutuador"":""204020"",""homologado"":true,""ativo"":true,""sneAderido"":true}"
DEV-CSV-000057,380090,true,true,true,"{""idDispositivo"":""DEV-CSV-000057"",""codigoOrgaoAutuador"":""380090"",""homologado"":true,""ativo"":true,""sneAderido"":true}"
DEV-CSV-000058,150070,true,true,true,"{""idDispositivo"":""DEV-CSV-000058"",""codigoOrgaoAutuador"":""150070"",""homologado"":true,""ativo"":true,""sneAderido"":true}"
DEV-CSV-000059,447010,true,true,true,"{""idDispositivo"":""DEV-CSV-000059"",""codigoOrgaoAutuador"":""447010"",""homologado"":true,""ativo"":true,""sneAderido"":true}"
DEV-CSV-000060,999999,true,false,false,"{""idDispositivo"":""DEV-CSV-000060"",""codigoOrgaoAutuador"":""999999"",""homologado"":true,""ativo"":false,""sneAderido"":false}"
DEV-CSV-000061,204020,true,true,true,"{""idDispositivo"":""DEV-CSV-000061"",""codigoOrgaoAutuador"":""204020"",""homologado"":true,""ativo"":true,""sneAderido"":true}"
DEV-CSV-000062,380090,true,true,true,"{""idDispositivo"":""DEV-CSV-000062"",""codigoOrgaoAutuador"":""380090"",""homologado"":true,""ativo"":true,""sneAderido"":true}"
DEV-CSV-000063,150070,true,true,true,"{""idDispositivo"":""DEV-CSV-000063"",""codigoOrgaoAutuador"":""150070"",""homologado"":true,""ativo"":true,""sneAderido"":true}"
DEV-CSV-000064,447010,true,true,true,"{""idDispositivo"":""DEV-CSV-000064"",""codigoOrgaoAutuador"":""447010"",""homologado"":true,""ativo"":true,""sneAderido"":true}"
DEV-CSV-000065,999999,true,true,true,"{""idDispositivo"":""DEV-CSV-000065"",""codigoOrgaoAutuador"":""999999"",""homologado"":true,""ativo"":true,""sneAderido"":true}"
DEV-CSV-000066,204020,true,true,true,"{""idDispositivo"":""DEV-CSV-000066"",""codigoOrgaoAutuador"":""204020"",""homologado"":true,""ativo"":true,""sneAderido"":true}"
DEV-CSV-000067,380090,true,true,true,"{""idDispositivo"":""DEV-CSV-000067"",""codigoOrgaoAutuador"":""380090"",""homologado"":true,""ativo"":true,""sneAderido"":true}"
DEV-CSV-000068,150070,true,true,true,"{""idDispositivo"":""DEV-CSV-000068"",""codigoOrgaoAutuador"":""150070"",""homologado"":true,""ativo"":true,""sneAderido"":true}"
DEV-CSV-000069,447010,true,true,true,"{""idDispositivo"":""DEV-CSV-000069"",""codigoOrgaoAutuador"":""447010"",""homologado"":true,""ativo"":true,""sneAderido"":true}"
DEV-CSV-000070,999999,true,true,true,"{""idDispositivo"":""DEV-CSV-000070"",""codigoOrgaoAutuador"":""999999"",""homologado"":true,""ativo"":true,""sneAderido"":true}"
DEV-CSV-000071,204020,true,true,true,"{""idDispositivo"":""DEV-CSV-000071"",""codigoOrgaoAutuador"":""204020"",""homologado"":true,""ativo"":true,""sneAderido"":true}"
DEV-CSV-000072,380090,true,false,true,"{""idDispositivo"":""DEV-CSV-000072"",""codigoOrgaoAutuador"":""380090"",""homologado"":true,""ativo"":false,""sneAderido"":true}"
DEV-CSV-000073,150070,true,true,true,"{""idDispositivo"":""DEV-CSV-000073"",""codigoOrgaoAutuador"":""150070"",""homologado"":true,""ativo"":true,""sneAderido"":true}"
DEV-CSV-000074,447010,true,true,true,"{""idDispositivo"":""DEV-CSV-000074"",""codigoOrgaoAutuador"":""447010"",""homologado"":true,""ativo"":true,""sneAderido"":true}"
DEV-CSV-000075,999999,true,true,false,"{""idDispositivo"":""DEV-CSV-000075"",""codigoOrgaoAutuador"":""999999"",""homologado"":true,""ativo"":true,""sneAderido"":false}"
DEV-CSV-000076,204020,true,true,true,"{""idDispositivo"":""DEV-CSV-000076"",""codigoOrgaoAutuador"":""204020"",""homologado"":true,""ativo"":true,""sneAderido"":true}"
DEV-CSV-000077,380090,true,true,true,"{""idDispositivo"":""DEV-CSV-000077"",""codigoOrgaoAutuador"":""380090"",""homologado"":true,""ativo"":true,""sneAderido"":true}"
DEV-CSV-000078,150070,true,true,true,"{""idDispositivo"":""DEV-CSV-000078"",""codigoOrgaoAutuador"":""150070"",""homologado"":true,""ativo"":true,""sneAderido"":true}"
DEV-CSV-000079,447010,true,true,true,"{""idDispositivo"":""DEV-CSV-000079"",""codigoOrgaoAutuador"":""447010"",""homologado"":true,""ativo"":true,""sneAderido"":true}"
DEV-CSV-000080,999999,true,true,true,"{""idDispositivo"":""DEV-CSV-000080"",""codigoOrgaoAutuador"":""999999"",""homologado"":true,""ativo"":true,""sneAderido"":true}"
DEV-CSV-000081,204020,true,true,true,"{""idDispositivo"":""DEV-CSV-000081"",""codigoOrgaoAutuador"":""204020"",""homologado"":true,""ativo"":true,""sneAderido"":true}"
DEV-CSV-000082,380090,true,true,true,"{""idDispositivo"":""DEV-CSV-000082"",""codigoOrgaoAutuador"":""380090"",""homologado"":true,""ativo"":true,""sneAderido"":true}"
DEV-CSV-000083,150070,true,true,true,"{""idDispositivo"":""DEV-CSV-000083"",""codigoOrgaoAutuador"":""150070"",""homologado"":true,""ativo"":true,""sneAderido"":true}"
DEV-CSV-000084,447010,true,false,true,"{""idDispositivo"":""DEV-CSV-000084"",""codigoOrgaoAutuador"":""447010"",""homologado"":true,""ativo"":false,""sneAderido"":true}"
DEV-CSV-000085,999999,true,true,true,"{""idDispositivo"":""DEV-CSV-000085"",""codigoOrgaoAutuador"":""999999"",""homologado"":true,""ativo"":true,""sneAderido"":true}"
DEV-CSV-000086,204020,true,true,true,"{""idDispositivo"":""DEV-CSV-000086"",""codigoOrgaoAutuador"":""204020"",""homologado"":true,""ativo"":true,""sneAderido"":true}"
DEV-CSV-000087,380090,true,true,true,"{""idDispositivo"":""DEV-CSV-000087"",""codigoOrgaoAutuador"":""380090"",""homologado"":true,""ativo"":true,""sneAderido"":true}"
DEV-CSV-000088,150070,true,true,true,"{""idDispositivo"":""DEV-CSV-000088"",""codigoOrgaoAutuador"":""150070"",""homologado"":true,""ativo"":true,""sneAderido"":true}"
DEV-CSV-000089,447010,false,true,true,"{""idDispositivo"":""DEV-CSV-000089"",""codigoOrgaoAutuador"":""447010"",""homologado"":false,""ativo"":true,""sneAderido"":true}"
DEV-CSV-000090,999999,true,true,false,"{""idDispositivo"":""DEV-CSV-000090"",""codigoOrgaoAutuador"":""999999"",""homologado"":true,""ativo"":true,""sneAderido"":false}"
DEV-CSV-000091,204020,true,true,true,"{""idDispositivo"":""DEV-CSV-000091"",""codigoOrgaoAutuador"":""204020"",""homologado"":true,""ativo"":true,""sneAderido"":true}"
DEV-CSV-000092,380090,true,true,true,"{""idDispositivo"":""DEV-CSV-000092"",""codigoOrgaoAutuador"":""380090"",""homologado"":true,""ativo"":true,""sneAderido"":true}"
DEV-CSV-000093,150070,true,true,true,"{""idDispositivo"":""DEV-CSV-000093"",""codigoOrgaoAutuador"":""150070"",""homologado"":true,""ativo"":true,""sneAderido"":true}"
DEV-CSV-000094,447010,true,true,true,"{""idDispositivo"":""DEV-CSV-000094"",""codigoOrgaoAutuador"":""447010"",""homologado"":true,""ativo"":true,""sneAderido"":true}"
DEV-CSV-000095,999999,true,true,true,"{""idDispositivo"":""DEV-CSV-000095"",""codigoOrgaoAutuador"":""999999"",""homologado"":true,""ativo"":true,""sneAderido"":true}"
DEV-CSV-000096,204020,false,false,true,"{""idDispositivo"":""DEV-CSV-000096"",""codigoOrgaoAutuador"":""204020"",""homologado"":false,""ativo"":false,""sneAderido"":true}"
DEV-CSV-000097,380090,true,true,true,"{""idDispositivo"":""DEV-CSV-000097"",""codigoOrgaoAutuador"":""380090"",""homologado"":true,""ativo"":true,""sneAderido"":true}"
DEV-CSV-000098,150070,true,true,true,"{""idDispositivo"":""DEV-CSV-000098"",""codigoOrgaoAutuador"":""150070"",""homologado"":true,""ativo"":true,""sneAderido"":true}"
DEV-CSV-000099,447010,true,true,true,"{""idDispositivo"":""DEV-CSV-000099"",""codigoOrgaoAutuador"":""447010"",""homologado"":true,""ativo"":true,""sneAderido"":true}"
DEV-CSV-000100,999999,false,true,true,"{""idDispositivo"":""DEV-CSV-000100"",""codigoOrgaoAutuador"":""999999"",""homologado"":false,""ativo"":true,""sneAderido"":true}"
